{"meta": {"version": "7.2.7", "timestamp": "2024-01-19T18:45:00.121067", "branch_coverage": false, "show_contexts": false}, "files": {"unitauto/methodutil.py": {"executed_lines": [168, 169, 172, 174, 175, 176, 177, 178, 179, 180, 181, 182, 197, 200, 477, 478, 479, 480, 481, 482, 483, 485, 486, 488, 489, 495, 496, 497, 500, 501, 502, 503, 504, 505, 507, 509, 511, 515, 516, 517, 518, 519, 520, 521, 525, 526, 527, 528, 571, 573, 574, 575, 577, 578, 580, 581, 582, 583, 584, 586, 587, 588, 590, 592, 593, 598, 603, 604, 614, 625, 626, 630, 631, 632, 634, 635, 636, 637, 638, 639, 640, 641, 642, 643, 644, 645, 647, 648, 658, 675, 676, 677, 678, 679, 680, 681, 683, 685, 686, 688, 689, 691, 692, 694, 695, 697, 698, 700, 701, 703, 704, 705, 707, 708, 710, 711, 713, 714, 716, 718, 719, 721, 722, 724, 725, 726, 727, 728, 730, 731, 732, 733, 734, 735, 737, 738, 739, 741, 742, 743, 744, 745, 746, 748, 750, 751, 752, 757, 759, 760, 762, 763, 765, 766, 767, 768, 769, 770, 771, 772, 776, 778, 782, 783, 784, 785, 787, 788, 789, 793, 795, 796, 797, 799, 802, 803, 804, 806, 807, 822, 823, 824, 832, 833, 834, 835, 836, 837, 838, 839, 841, 850, 851, 852, 854, 857, 858, 859, 860, 862, 863, 866, 867, 869, 871, 873, 874, 875, 876, 877, 878, 879, 880, 881, 883, 884, 886, 888, 889, 890, 891, 892, 897, 906, 907, 911, 913, 914, 916, 917, 918, 919, 920, 921, 922, 923, 924, 927, 928, 929, 930, 933, 934, 936, 937, 938, 939, 941, 943, 945, 946, 948, 949, 950, 951, 952, 953, 956, 957, 959, 960, 961, 966, 970, 971, 972, 974, 975, 976, 977, 978, 980, 981, 982, 983, 984, 986, 987, 989, 990, 992, 994, 998, 999, 1000, 1002, 1004, 1005, 1006, 1007, 1008, 1010, 1011, 1012, 1015, 1016, 1017, 1018, 1021, 1022, 1023, 1024, 1025, 1026, 1028, 1030, 1034, 1035, 1036, 1037, 1038, 1042, 1046, 1050, 1054, 1058, 1062, 1066, 1070, 1074, 1078, 1082, 1083, 1084, 1087, 1091, 1092, 1093, 1109, 1110, 1112, 1115, 1119, 1120, 1121, 1122, 1126, 1127, 1128, 1129, 1133, 1137, 1138, 1139, 1140, 1144, 1148], "summary": {"covered_lines": 347, "num_statements": 684, "percent_covered": 50.73099415204678, "percent_covered_display": "51", "missing_lines": 337, "excluded_lines": 0}, "missing_lines": [24, 25, 26, 27, 28, 29, 30, 31, 32, 33, 35, 36, 37, 39, 40, 41, 42, 43, 45, 46, 47, 48, 50, 51, 52, 53, 54, 55, 56, 57, 58, 59, 60, 61, 62, 63, 64, 65, 66, 67, 68, 69, 70, 71, 72, 73, 74, 75, 76, 77, 79, 80, 81, 82, 83, 84, 85, 86, 88, 90, 91, 92, 93, 94, 97, 98, 101, 104, 116, 157, 158, 161, 164, 184, 185, 186, 187, 188, 189, 190, 191, 198, 203, 204, 207, 208, 211, 212, 213, 214, 217, 220, 221, 222, 223, 224, 226, 227, 229, 230, 232, 233, 235, 236, 238, 239, 241, 242, 244, 245, 247, 248, 249, 251, 253, 254, 256, 257, 258, 259, 260, 261, 268, 269, 270, 272, 273, 274, 275, 276, 278, 280, 281, 282, 283, 285, 286, 287, 288, 289, 290, 291, 293, 294, 296, 298, 299, 300, 301, 302, 303, 305, 306, 307, 308, 311, 313, 314, 316, 317, 319, 320, 322, 324, 325, 326, 327, 328, 329, 330, 331, 332, 333, 334, 335, 337, 338, 339, 340, 341, 342, 343, 344, 345, 347, 348, 349, 350, 351, 353, 354, 355, 357, 361, 362, 363, 364, 365, 366, 367, 370, 371, 373, 374, 376, 377, 378, 379, 381, 382, 383, 385, 386, 388, 389, 390, 392, 393, 394, 395, 396, 398, 399, 400, 401, 402, 403, 404, 405, 407, 408, 409, 410, 411, 413, 414, 415, 416, 417, 418, 421, 422, 425, 426, 427, 428, 429, 438, 439, 441, 447, 448, 450, 455, 456, 464, 465, 476, 490, 514, 524, 531, 532, 533, 534, 536, 537, 539, 540, 541, 542, 543, 544, 545, 546, 547, 549, 551, 552, 553, 554, 567, 594, 595, 596, 605, 633, 671, 811, 812, 827, 842, 843, 844, 845, 847, 898, 899, 900, 925, 954, 963, 964, 969, 988, 997, 1019, 1033, 1041, 1045, 1049, 1053, 1057, 1061, 1065, 1069, 1073, 1077, 1081, 1085, 1090, 1096, 1097, 1098, 1099, 1102, 1103, 1104, 1105, 1108, 1113, 1118, 1125, 1132, 1136, 1143, 1147], "excluded_lines": []}, "unitauto/server.py": {"executed_lines": [55, 56, 57, 58, 59, 60, 61, 63, 73, 76, 77, 78, 79, 80, 84, 86, 87, 88, 90, 92, 93, 94, 97, 99, 100, 104, 106, 113, 115, 118, 119, 120, 121, 122, 160, 162, 163, 164, 165, 166, 167, 170, 171, 172, 173, 179, 182, 183, 184, 185, 186], "summary": {"covered_lines": 51, "num_statements": 143, "percent_covered": 35.66433566433567, "percent_covered_display": "36", "missing_lines": 92, "excluded_lines": 0}, "missing_lines": [24, 25, 27, 28, 32, 33, 34, 35, 38, 39, 41, 42, 43, 44, 47, 50, 51, 52, 54, 65, 66, 67, 68, 70, 72, 75, 107, 108, 109, 110, 112, 114, 116, 123, 124, 125, 126, 127, 128, 129, 130, 131, 133, 134, 135, 136, 138, 139, 141, 142, 143, 144, 146, 148, 149, 150, 151, 152, 153, 155, 156, 157, 158, 168, 174, 176, 180, 181, 189, 190, 191, 201, 204, 205, 209, 211, 226, 228, 238, 240, 251, 253, 266, 268, 284, 286, 287, 289, 315, 318, 319, 320], "excluded_lines": []}, "unitauto/test/__init__.py": {"executed_lines": [25, 26, 29, 33, 37, 41, 45, 49, 53, 54, 57, 58, 59, 60, 62, 63, 64, 65, 67, 68, 70, 71, 73, 74, 76, 77, 79, 80, 82, 83, 86], "summary": {"covered_lines": 31, "num_statements": 38, "percent_covered": 81.57894736842105, "percent_covered_display": "82", "missing_lines": 7, "excluded_lines": 0}, "missing_lines": [30, 34, 38, 42, 46, 50, 87], "excluded_lines": []}, "unitauto/test/testutil.py": {"executed_lines": [33, 37, 41, 45, 49, 53, 57, 61, 65, 66, 67, 68, 72, 74, 75, 76, 77, 78, 80, 81, 83, 84, 93, 94, 95, 96, 100, 107, 114, 117, 120, 123, 126, 129, 132, 135, 138, 154], "summary": {"covered_lines": 38, "num_statements": 84, "percent_covered": 45.23809523809524, "percent_covered_display": "45", "missing_lines": 46, "excluded_lines": 0}, "missing_lines": [24, 25, 26, 27, 28, 29, 32, 36, 40, 44, 48, 52, 56, 60, 64, 71, 87, 88, 89, 90, 92, 98, 99, 102, 103, 104, 106, 113, 116, 119, 122, 125, 128, 131, 134, 137, 140, 141, 142, 144, 145, 146, 148, 149, 150, 153], "excluded_lines": []}}, "totals": {"covered_lines": 467, "num_statements": 949, "percent_covered": 49.209694415173864, "percent_covered_display": "49", "missing_lines": 482, "excluded_lines": 0}}